INSERT INTO books VALUES (11111,'The Silent Patient','Thrilelr','Alex Michaelides'),
                         (22222,'Do Epic Shit','Finance','Ankur Warikoo'),
                         (33333,'Rich Dad Poor Dad','Finance','Robert Kiyosaki'),
                         (44444,'The Inteligent Investor','Finance','Benjamin Graham'),
                         (55555,'The Psychology of Money','Finance','Morgan Housel'),
                         (66666,'Malgudi Days','Drama','R.K. Narayan');

INSERT INTO student VALUES (20001,'Shahil','CSE',2020,'Autumn'),
                           (20002,'Rajat','CSE',2020,'Fall'),
                           (20003,'Shivam T.','EE',2020,'Autumn'),
                           (20004,'Shivam K.','EE',2020,'Spring'),
                           (20005,'Nitin','EE',2021,'Spring'),
                           (20006,'Rajnish','EE',2016,'Summer'),
                           (20007, 'Pranav', 'CSE',2020, 'Spring');

INSERT INTO issue VALUES (20001,11111,'04/09/2022','10/11/2022'),
                         (20002,11111,'08/09/2022','20/12/2022'),
                         (20003,66666,'16/02/2022','18/03/2022'),
                         (20003,55555,'20/01/2022','11/05/2022'),
                         (20001,66666,'22/05/2022','04/06/2022'),
                         (20002,22222,'21/03/2022','08/05/2022'),
                         (20002,33333,'11/03/2022','18/04/2022'),
                         (20002,44444,'20/10/2022','18/11/2022'),
                         (20001,22222,'30/04/2022','23/05/2022'),
                         (20002,55555,'28/02/2022','08/03/2022'),
                         (20005,11111,'03/01/2022','04/01/2022'),
                         (20005,66666,'22/09/2022','11/11/2022'),
                         (20006,55555,'14/01/2022','28/01/2022'),
                         (20006,11111,'15/04/2022','14/05/2022'),
                         (20006,33333,'22/11/2022','19/12/2022'),
                         (20004,66666,'20/11/2022','01/12/2022'),
                         (20004,33333,'04/01/2022','15/01/2022');
                            
